{
  "recall_at_1": 0.675,
  "recall_at_5": 0.95,
  "recall_at_10": 0.95,
  "mrr": 0.8833333333333334,
  "ndcg_at_5": 0.8919720789148187
}